<?xml version="1.0" encoding="utf-8"?>
<addon addon_id="ConvertImage" title="Convert Image" version_string="3.4" version_id="1" url="" install_callback_class="" install_callback_method="" uninstall_callback_class="" uninstall_callback_method="">
  <admin_navigation/>
  <admin_permissions/>
  <admin_style_properties/>
  <admin_templates/>
  <admin_template_modifications/>
  <code_events/>
  <code_event_listeners>
    <listener event_id="load_class_datawriter" execute_order="10" callback_class="Andy_ConvertImage_Listener" callback_method="loadClassDatawriter" active="1" hint="XenForo_DataWriter_DiscussionMessage_Post" description="Convert Image load_class_datawriter"/>
  </code_event_listeners>
  <cron/>
  <email_templates/>
  <email_template_modifications/>
  <optiongroups>
    <group group_id="ConvertImage" display_order="4000" debug_only="0"/>
    <option option_id="convertImageEnvPath" edit_format="textbox" data_type="string" can_backup="1">
      <default_value></default_value>
      <edit_format_params></edit_format_params>
      <sub_options></sub_options>
      <relation group_id="ConvertImage" display_order="5"/>
    </option>
    <option option_id="convertImageFollowRedirects" edit_format="onoff" data_type="boolean" can_backup="1">
      <default_value>1</default_value>
      <edit_format_params></edit_format_params>
      <sub_options></sub_options>
      <relation group_id="ConvertImage" display_order="4"/>
    </option>
    <option option_id="convertImageLogFile" edit_format="textbox" data_type="string" can_backup="1">
      <default_value></default_value>
      <edit_format_params></edit_format_params>
      <sub_options></sub_options>
      <relation group_id="ConvertImage" display_order="3"/>
    </option>
    <option option_id="convertImageTemporaryImageDirectory" edit_format="textbox" data_type="string" can_backup="1">
      <default_value></default_value>
      <edit_format_params></edit_format_params>
      <sub_options></sub_options>
      <relation group_id="ConvertImage" display_order="2"/>
    </option>
    <option option_id="insertThumbnail" edit_format="onoff" data_type="boolean" can_backup="1">
      <default_value></default_value>
      <edit_format_params></edit_format_params>
      <sub_options></sub_options>
      <relation group_id="ConvertImage" display_order="1"/>
    </option>
  </optiongroups>
  <permissions>
    <permission_groups/>
    <permissions/>
    <interface_groups/>
  </permissions>
  <phrases>
    <phrase title="option_convertImageEnvPath" version_id="1" version_string="3.1"><![CDATA[Env Path]]></phrase>
    <phrase title="option_convertImageEnvPath_explain" version_id="1" version_string="3.1"><![CDATA[The environment path to "convert" is normally "/usr/bin/" and this field can be left blank. Otherwise enter the environment path to the "convert" file on your server.]]></phrase>
    <phrase title="option_convertImageFollowRedirects" version_id="1" version_string="2.5"><![CDATA[Follow Redirects]]></phrase>
    <phrase title="option_convertImageFollowRedirects_explain" version_id="1" version_string="2.5"><![CDATA[The default setting is to allow "Follow Redirects". If your server doesn't allow redirects due to open_basedir being enabled, uncheck this option.]]></phrase>
    <phrase title="option_convertImageLogFile" version_id="1" version_string="1.0"><![CDATA[Log File]]></phrase>
    <phrase title="option_convertImageLogFile_explain" version_id="1" version_string="2.5"><![CDATA[Example: /home/path/www/misc/convertimage.log

<br />
<br />

This field is optional. Be sure to chmod 777 this file if using this option.]]></phrase>
    <phrase title="option_convertImageTemporaryImageDirectory" version_id="1" version_string="2.4"><![CDATA[Temporary Image Directory]]></phrase>
    <phrase title="option_convertImageTemporaryImageDirectory_explain" version_id="1" version_string="2.5"><![CDATA[Example: /home/path/www/tmp/

<br />
<br />

This field is required. Be sure to chmod 777 this directory.]]></phrase>
    <phrase title="option_group_ConvertImage" version_id="1" version_string="1.0"><![CDATA[Convert Image]]></phrase>
    <phrase title="option_group_ConvertImage_description" version_id="1" version_string="1.0"><![CDATA[Options here control the Convert Image add-on.]]></phrase>
    <phrase title="option_insertThumbnail" version_id="1" version_string="1.0"><![CDATA[Insert Thumbnail]]></phrase>
    <phrase title="option_insertThumbnail_explain" version_id="1" version_string="1.0"><![CDATA[By default linked imaged will be replaced by full size attachments. To insert thumbnail attachments, select this option.]]></phrase>
  </phrases>
  <route_prefixes/>
  <style_properties/>
  <templates/>
  <public_template_modifications/>
  <bb_code_media_sites/>
  <bb_codes/>
</addon>
